Username    ,    Password
Ahmad Ibn HaydarFarouqi    ,    IGqb5X7sGFUZ@3cSu(8T
Yousef Bani QudrahZadeh    ,    XgoAbSKFEKVTK$6AWQ68
Omar Ibn ShaheenOun    ,    hYEHGFaj%G8wbUYWyCEf
Ali Al MajidUllah    ,    @PK0YlaE80ELA8gGVOG-
Tariq Al SabhanUllah    ,    +YRh5QMm3HWxdDj^4=3I
Hassan Bani BarqDeen    ,    t1pPqaW4M_W6+l9^IS)P
Khalid Bani SalihOun    ,    8ZAFMHDR3oKWy6RAKf42
Nabil bu HammamOun    ,    hpo+s8H4RGQpMXBz9lEE
Fadi Ibn NurAni    ,    *A8Tywh4*R$vAD9UPXEY
Salim Bin NurZadeh    ,    $F2X_FY!AqwD4mDMbEqL
Hussein Al MajidOun    ,    u84tRfHe=liXlKC1K&)w
Mahmoud Bani NurAbadi    ,    47O=Hb&ZLrv2nbVctCY5
Sami bu NajmOun    ,    +K4_UW97VvS+G*C7-63Q
Walid Ibn HammamAbadi    ,    6I@Bgc=QND2r&+Y33tTj
Zaid Ibn SabhanUllah    ,    R0M7GNjWgm#AjV$$eEMf
Ayman Ibn NajmZadeh    ,    WUwMCw^+HyEAv*MUBU#1
Rami Ibn RafiqSharif    ,    *HXuMWSgVYEA37TDAEly
Jamal Ibn BakriZadeh    ,    NUsCu@(IcY@uJ-BTQ_AG
Bassam Bin QudrahUllah    ,    CE4e71S33PEZq3bK=eQ@
Adel Bani ShaheenDeen    ,    9MDBGW0N6ghAWNRbuB*K
Kareem Ibn MazariUllah    ,    JNPGz)dO(QKE@8R&CVhu
Bilal bu ShaheenFarouqi    ,    QqiKel!VGgOZb4IU-=HO
Saif bu SakhrAwi    ,    KNW5G4yI0G01q8AWG%Tu
Hazem Bani KhalafI    ,    7p@482o&28S-fBrQM)*8
Firas Al TamimUllah    ,    uscI-HMH9T73JNfY3*T%
Anas Bin RashadSharif    ,    BVG#=5wUOlVC(TGvdk_X
Iyad Ibn BakriOun    ,    _OLT$f91pM53^Lwlpu42
Mazen Bin SakhrUllah    ,    NS%0NcLZFnHGhJkKhKHJ
Nader Bani BarqI    ,    05YKm7-kKB(K66LfXC56
Amer Ibn HudhaylZadeh    ,    X7-CvEENu^jsrGNjAOEB
Nashit Bin BarqAbadi    ,    HLsXSXOs4F66KhjS!Gn^
Rashed bu HaydarDeen    ,    8Kl1wm!@0OGK)7ZGtgbA
Salah Bin KhalafUllah    ,    6A0BaGBOeDHT!^OxaR2E
Hadi Bani RashadI    ,    @4+zjLR0sgUXOZT!(g49
Mustafa Ibn MazariUllah    ,    GAuNNq2a#mRVZ5=LHWMN
Tamer Al SabhanSharif    ,    8IR_YpUDT9(f_83LfWXi
Waleed bu NajmSharif    ,    3+M8iZn5oS+V2UVoX=r_
Hatem bu RafiqSharif    ,    BVhVPRVIYLtyPBPP1snI
Zaki Ibn TamimFarouqi    ,    6JnRQ0Q(ihIrsIB(YM2P
Imad Al NajmSharif    ,    7XGTEI0zMGXCq71D1rK2
Marwan Ibn SalihI    ,    dVIZW2HJNM8YQU#cj$3G
Laith Al HudhaylI    ,    B5OR20o0QYGB%eD*IE2-
Kassem Ibn TamimFarouqi    ,    YEcgwnoFEDS56Ma!Gv74
Nour Bin TaymDeen    ,    MxOrpsM7dcZ+OBx9TnzT
Ibrahim Al HaydarSharif    ,    =C2SOYLtRODJYkHcgh0X
Othman Al ZaydanFarouqi    ,    TwKumUwIj*L7PY9GgT=f
Riyad Ibn MarzouqAni    ,    eDV7E)5tZ_G62^_kVrM@
Fahd Bani MarzouqUllah    ,    RqEFD!Wz&B6^b4uYWwDI
Sherif Bin QudrahFarouqi    ,    8BOLQ$gy$Nf^jKsaz=X1
Tawfiq Ibn MarzouqSharif    ,    8r0i&%l_11hzq+JA#XZx
Alaa bu HaydarSharif    ,    O@xUyvYJ29Kd(Ms6n0Pr
Smadi Al ShaheenFarouqi    ,    O4@SG9kQ56jL2@U8NLhj
Rashid Bani RashadUllah    ,    6jA6%6%vIA^Ra1RCsufb
Adnan Bani RashadAbadi    ,    R6!7H7LZg3YH92ciY0Cf
Ghaith Bani FakhrUllah    ,    5J=A&ZKP8Gss#uAUsOCg
Tawfeeq Bani BakriSharif    ,    adXNOM0WO!D(tLPDjSWT
Zuhair bu BakriDeen    ,    EZ)UHQg2$ZE=YBRPKDEC
Qais Al TamimAbadi    ,    LXQeon!H@GbrMWa(ZgGY
Murad Bani SalihI    ,    WBs)=uY1@^ie=RMqqgNE
Ammar Bin NurSharif    ,    rrZ1fjWSnEF7R4PvmhHn
Joud Ibn JubairUllah    ,    W+rC&N*LPsQg81EAF5kU
Bakr Bani SabhanZadeh    ,    NGFWZP1O77Im#Vvd4&Ji
Yahya Al HammamSharif    ,    0*o6z2$8UZoCbN4KkAVQ
Harith bu BarqDeen    ,    nEYQDGb(^)5IZVB%r$W!
Qasim Bin JubairAni    ,    mWWFUE3NGgE@B=z&q@=N
Barak Bin ShaheenFarouqi    ,    Q^=yE&0DS0Vj04P2cIq4
Aref Ibn KhalafDeen    ,    P(l=oOhBdk1i)E4sQ7MV
Najib Al HudhaylI    ,    uYEWTNYy&j8804VAFd_0
Wasim bu BakriSharif    ,    ^$qUDxTY7X6RLcB%SEy8
Basel Bani JubairSharif    ,    VCv3wMPOctgBShnt($5*
Aziz Ibn SalihZadeh    ,    5z*AHXWWivGGPR2AH7mO
Rawan Ibn HaydarAwi    ,    A7T-CXY2wrLG#A+Hg0ZP
Saad Bani MarzouqSharif    ,    hzqBR&y=Up9T@vGndG_E
LotfiWaleed kder    ,    Ha_A&d3mIS(cC8*2kwIg
Rifaat bu TamimFarouqi    ,    5oyaps^&Trl89wt96XHj
Taysir Ibn ShaheenAwi    ,    EFvmDAezb2UlF90k6%l4
Ehab bu MazariI    ,    nCy(62wjbOm5MT3ZY*XZ
Ismail Ibn MajidAni    ,    N9&7HcFVmq$1F%5sE)NE
Najd Bani SakhrAwi    ,    G^4wXLJR44N4Y+a=JEHc
Ayham Bin MajidUllah    ,    5MQ6bMZ19$&IO%(EE=YQ
Anouar Bin MajidOun    ,    rnZt7CTJa-N6$7B7e-GH
Zaher bu RafiqSharif    ,    ==BCmD$36RD1pFPiQN89
Rani Ibn SakhrAni    ,    3)%5YN_eB$Y8PX-T!EEO
Hani Bin MazariSharif    ,    R1vNjG9!JD4k4!Y2TSFv
Majed Ibn JubairAwi    ,    3y*&QUML-A)C7_U2wKSB
Shadi Ibn SabhanFarouqi    ,    CTDD3)89K_K5FsattZJO
Kamal bu MarzouqUllah    ,    g)I%SkV+821@pLR7phl3
Rami Ibn BarqAbadi    ,    U6QXSLQN535EXuGqDxAH
Yassin Al QudrahOun    ,    7B8rUQ+5S=ArS94--cpy
Talal Ibn BarqI    ,    C)aoaSzzAWD+*oh=1MFC
Fouad Ibn RashadAni    ,    80Lo7qD07VK%F44vR3RQ
Moez Bin MazariAbadi    ,    _WU9)Z-@)VFTEDG5c6%R
Munir bu MarzouqDeen    ,    0t!^@2Y5BkKEYbnUxLzX
Naseem Al RashadSharif    ,    WGRGvgiRqOLOYC0APLj5
Adel Al TaymUllah    ,    Q@NRNW4a&57GRHR5M)G^
Hesham Bani BarqI    ,    OO=V_4LA2iC(8N3%1_wu
Jaber Al TaymOun    ,    TJ9mtT1S^I4G7olVYI=2
Bashar Al SalihI    ,    TTttiMG4Lm8M83FT=AB!
Osama Bin SalihFarouqi    ,    DiZhiFEprhFob+M^LRz2
Qutaibah Al TaymUllah    ,    3UMPVJN9woXYS1JMo1C7
Azzam Bin SakhrSharif    ,    Tcb(6%+z_1zk6GpX@9^^
Majdi Al SamhanAbadi    ,    VSU5QW8drrQQMbuUMIcr
Iyas Bin BakriI    ,    PMY75IH(EKB53dLJE@vu
Abbas Al JubairFarouqi    ,    GGvD48mCHD6z1#XOHMdG
Zuhair Al HammamUllah    ,    BSkjUO0yx+qqknD7Z!s1
Sabri Bani SabhanAni    ,    rNdR*P#HCMBzS295aXht
Sameh Bani RashadDeen    ,    9xU^J@cv!rY*3HKDTJtA
Fahri Bani KhalafFarouqi    ,    FUX$+g5j96P!VAjW*Q1*
Ridha Bin JubairFarouqi    ,    -@k2-&A1CccPQD7%l^+R
Tahir Ibn MazariZadeh    ,    nLbOVtB76QWuWaUwiS(Z
Riad bu HudhaylDeen    ,    rT3Yl5g0vORCUD8L^9c%
Yazid Bin ShaheenFarouqi    ,    R3Y1Af3#MT#&G&#Uv28=
Shaker bu ZaydanFarouqi    ,    GMpVgF&WN!bxUy0@YERG
Ramez bu HammamDeen    ,    FLT_ieEl_!7BSON+9MAQ
Wajdi Bani RashadAbadi    ,    HDqE3)$0(hpQ8YfxQY3k
Ayman Al HaydarFarouqi    ,    ^Ke^GuMoz5N31r3PXnx)
Lubna Ibn KhalafUllah    ,    ST-=$3%r26EOUZq8gBF-
Jalal Bani ZaydanFarouqi    ,    Z+fZBUZK&MU2RPUj0sIg
Aqeeb bu SakhrZadeh    ,    EbbGhMWg)*-43CEZUZCZ
Sayf bu HammamAni    ,    KT-PXIDGOG7BTZYYh!q0
Ashraf Bin SamhanOun    ,    7Lj8(MhME4%6W!1vFiT2
Kifah Ibn ZaydanUllah    ,    6Z+7BZksYZYgRFeKMO7^
Hamzeh bu HammamZadeh    ,    !GigvYP9DiGB^_gXNL6#
Abdelrahman Al FakhrDeen    ,    c!EZ*ea8T-EYG47HDu3F
Amjad Al HammamOun    ,    8HI!SF_S$C1Ei5CQh%5x
Abdelaziz Ibn ZaydanSharif    ,    LBY$7T14*eB1OVzv10OU
Baraa Al SamhanAni    ,    7AEgKZ0JT6sRqQN2Q7Z4
Mohannad Bani HudhaylDeen    ,    2gSOFd6XEBEZ(P%dfBWY
Nael Bin MajidAbadi    ,    YNLfB5F-n*U@t99zm!wx
Sufyan bu FakhrAni    ,    PzGxltD290lTnPN7%CXX
Ghassan bu RashadFarouqi    ,    Y2RVFBB1-)iH49K0eD-^
Fidaa Bin MajidDeen    ,    6%JbRE1A1%%L^wY)NwP1
Malek Ibn HammamSharif    ,    tLTBpn0R6dsk0uxF8^7I
Murshid Bin MajidZadeh    ,    YSOVDXP81RwX$C9YWxNk
Maher Bani JubairZadeh    ,    z@4hPDLaU2ciZDu4+g1B
Aadel Bin QudrahAwi    ,    HctUEN+ZH1nMlCZAi1ET
Zaher Al NajmDeen    ,    =!-jM+f@B0U@wCqG!0j(
Hamdan Ibn NurAwi    ,    YT)BghrGmF+Z+UCRmvAr
Raeed bu SakhrOun    ,    kpE1IoNCZZGr!CEPP&$+
Shihab Bin QudrahAwi    ,    _35MAVA7GcBWvE^@MMAJ
Thamer Bani MajidDeen    ,    !C)C(CIuvGSuUJr5TLWZ
Munther Al MazariAwi    ,    Vh14rIvCIkS59-wq5W37
Bashir bu FakhrZadeh    ,    NE5OTWPwgqbV%&^F-rh@
Qamar Al MajidFarouqi    ,    N*HP4e84JQZ38!PvYESV
Tamim Ibn MarzouqZadeh    ,    D13U1_=5$K3povH1AOkW
Hatim Bin SalihUllah    ,    gryHG4VPPTH*T^T7QcK7
Ihab Ibn SabhanSharif    ,    ZW*D&UY9U5p^@)iIQQ=J
Najeh Ibn HammamI    ,    OJId7RZZ^F2@CS1U*IGS
Najeeb Bani SakhrAbadi    ,    SL(mtlfV7sWRYd@+G^9-
Hammam Bin BarqAni    ,    u5NONw8FCNYPNP5L0M))
